event_id,azimuth,zenith
2092,0.04169189,1.2808571
7344,3.4542358,2.4996524
9482,4.7089868,1.5563236
